Fibra,Ticker,Precio,Fecha Precio,Dividendos 12M,Dividend Yield %
Fibra CFE,FCFE18.MX,24.16,2026-10-05,2.5295,10.47
Fibra Uno,FUNO11.MX,29.81,2026-10-05,2.5348,8.5
Fibra Inn,FINN13.MX,4.74,2026-10-05,0.3603,7.6
Fibra Monterrey,FMTY14.MX,14.25,2026-10-05,0.9803,6.88
Fibra Macquarie,FIBRAMQ12.MX,44.91,2026-10-05,3.0626,6.82
Fibra Shop,FSHOP13.MX,11.8,2026-10-05,0.7534,6.38
Fibra Danhos,DANHOS13.MX,28.27,2026-10-05,1.8,6.37
Fibra Next,NEXT25.MX,96.21,2026-10-05,5.2266,5.43
Prologis Fibra,FIBRAPL14.MX,75.19,2026-10-05,2.8256,3.76
